{
    "homeCamera": {
        "north": -24,
        "east": 33.5,
        "south": -32.5,
        "west": 16
    },
    "baseMapName": "Positron (Light)",
    "viewerMode": "2d",
    "catalog": [
        {
            "name": "Administrative Boundary",
            "type": "group",
            "members": [
                {
                    "name": "South African Province",
                    "type": "wms",
                    "url": "http://10.150.16.179:8080/geoserver/Datacube-OWS/wms",
                    "layers": "Datacube-OWS:Provinces"
                },
                {
                    "type": "wms",
                    "name": "District Municipality",
                    "url": "http://10.150.16.179:8080/geoserver/Datacube-OWS/wms",
                    "layers": "Datacube-OWS:District"
                },
                {
                    "name": "Local Municipality",
                    "type": "wms",
                    "url": "http://10.150.16.179:8080/geoserver/Datacube-OWS/wms",
                    "layers": "Datacube-OWS:Local"
                }
            ]
        },
        {
            "name": "Satellite Imagery",
            "type": "group",
            "members": [
                {
                    "name": "SPOT Imagery",
                    "type": "group",
                    "members": [
                        {
                            "type": "wms",
                            "name": "SPOT 6&7",
                            "url": "https://10.150.16.83/wms?SERVICE=WMS",
                            "layers": "spot7_gauteng_old"
                        }
                    ]
                },
                {
                    "name": "Surface Temperature",
                    "type": "group",
                    "members": [
                        {
                            "type": "wms",
                            "name": "Landsat 5",
                            "url": "http://10.150.16.179:8080/geoserver/Datacube-OWS/wms",
                            "layers": "Datacube-OWS:Informal2006"
                        },
                        {
                            "type": "wms",
                            "name": "Landsat 6",
                            "url": "http://10.150.16.179:8080/geoserver/Datacube-OWS/wms",
                            "layers": "Datacube-OWS:Informal2011"
                        },
                        {
                            "type": "wms",
                            "name": "Landsat 7",
                            "url": "http://10.150.16.179:8080/geoserver/Datacube-OWS/wms",
                            "layers": "Datacube-OWS:Informal2020"
                        },
                        {
                            "type": "wms",
                            "name": "Landsat 8",
                            "url": "http://10.150.16.179:8080/geoserver/Datacube-OWS/wms",
                            "layers": "Datacube-OWS:Informal2020"
                        },
                        {
                            "type": "wms",
                            "name": "Landsat 9",
                            "url": "http://10.150.16.179:8080/geoserver/Datacube-OWS/wms",
                            "layers": "Datacube-OWS:Informal2020"
                        }
                    ]
                },
                {
                    "name": "Surface Reflectance",
                    "type": "group",
                    "members": [
                        {
                            "type": "wms",
                            "name": "Landsat 5",
                            "url": "http://10.150.16.179:8080/geoserver/Datacube-OWS/wms",
                            "layers": "Datacube-OWS:Informal2006"
                        },
                        {
                            "type": "wms",
                            "name": "Landsat 6",
                            "url": "http://10.150.16.179:8080/geoserver/Datacube-OWS/wms",
                            "layers": "Datacube-OWS:Informal2011"
                        },
                        {
                            "type": "wms",
                            "name": "Landsat 7",
                            "url": "http://10.150.16.179:8080/geoserver/Datacube-OWS/wms",
                            "layers": "Datacube-OWS:Informal2020"
                        },
                        {
                            "type": "wms",
                            "name": "Landsat 8",
                            "url": "http://10.150.16.179:8080/geoserver/Datacube-OWS/wms",
                            "layers": "Datacube-OWS:Informal2020"
                        },
                        {
                            "type": "wms",
                            "name": "Landsat 9",
                            "url": "http://10.150.16.179:8080/geoserver/Datacube-OWS/wms",
                            "layers": "Datacube-OWS:Informal2020"
                        }
                    ]
                }
            ]
        },
        {
            "name": "Value Added Products",
            "type": "group",
            "members": [
                {
                    "name": "Water Distribution",
                    "type": "group",
                    "members": [
                        {
                            "type": "wms",
                            "name": "Summer 2015",
                            "url": "http://10.150.16.179:8080/geoserver/Datacube-OWS/wms",
                            "layers": "Datacube-OWS:Summer2015"
                        },
                        {
                            "type": "wms",
                            "name": "Summer 2016",
                            "url": "http://10.150.16.179:8080/geoserver/Datacube-OWS/wms",
                            "layers": "Datacube-OWS:Summer2016"
                        },
                        {
                            "type": "wms",
                            "name": "Winter 2016",
                            "url": "http://10.150.16.179:8080/geoserver/Datacube-OWS/wms",
                            "layers": "Datacube-OWS:Winter2016"
                        }
                    ]
                },
                {
                    "name": "Informal Settlement",
                    "type": "group",
                    "members": [
                        {
                            "type": "wms",
                            "name": "Informal Settlement 2006",
                            "url": "http://10.150.16.179:8080/geoserver/Datacube-OWS/wms",
                            "layers": "Datacube-OWS:Informal2006"
                        },
                        {
                            "type": "wms",
                            "name": "Informal Settlement 2011",
                            "url": "http://10.150.16.179:8080/geoserver/Datacube-OWS/wms",
                            "layers": "Datacube-OWS:Informal2011"
                        },
                        {
                            "type": "wms",
                            "name": "Informal Settlement 2020",
                            "url": "http://10.150.16.179:8080/geoserver/Datacube-OWS/wms",
                            "layers": "Datacube-OWS:Informal2020"
                        }
                    ]
                }
            ]
        }
    ],
    "baseMapId": "basemap-bing-aerial-with-labels",
    "previewBaseMapId": "basemap-positron"
}